event_type,event_coordsys,hpc_x,hpc_y,hgc_x,hgc_y,start_time,end_time,frm_name,obs_observatory,obs_instrument,kb_archivid,HER event summary
FL,UTC-HGS-TOPO,594.7092,363.0318,98.359163,23,2010-06-12T00:30:00,2010-06-12T01:02:00,SWPC,GOES,GOES,ivo://helio-informatics.org/FL_SECstandard_20100613_145809_20100612003000,https://www.lmsal.com/hek/her?cmd=view-voevent&ivorn=ivo%3A%2F%2Fhelio-informatics.org%2FFL_SECstandard_20100613_145809_20100612003000
FL,UTC-HGS-TOPO,691.788,348.2532,102.652958,22,2010-06-12T09:02:00,2010-06-12T09:22:00,SWPC,GOES,GOES,ivo://helio-informatics.org/FL_SECstandard_20100623_062725_20100612090200,https://www.lmsal.com/hek/her?cmd=view-voevent&ivorn=ivo%3A%2F%2Fhelio-informatics.org%2FFL_SECstandard_20100623_062725_20100612090200
FL,UTC-HGS-TOPO,851.448,-400.4094,123.365342,-25,2010-06-13T05:30:00,2010-06-13T05:44:00,SWPC,GOES,GOES,ivo://helio-informatics.org/FL_SECstandard_20100623_024446,https://www.lmsal.com/hek/her?cmd=view-voevent&ivorn=ivo%3A%2F%2Fhelio-informatics.org%2FFL_SECstandard_20100623_024446
FL,UTC-HGS-TOPO,-521.0532,96.3078,-9.269204,11,2010-08-07T17:55:00,2010-08-07T18:47:00,SWPC,GOES,GOES,ivo://helio-informatics.org/FL_SECstandard_20100808_043835_20100807175500,https://www.lmsal.com/hek/her?cmd=view-voevent&ivorn=ivo%3A%2F%2Fhelio-informatics.org%2FFL_SECstandard_20100808_043835_20100807175500
FL,UTC-HGS-TOPO,866.16,209.1792,-10.28914,15,2010-08-15T18:23:00,2010-08-15T18:37:00,SWPC,GOES,GOES,ivo://helio-informatics.org/FL_SECstandard_20100815_203828_20100815182300,https://www.lmsal.com/hek/her?cmd=view-voevent&ivorn=ivo%3A%2F%2Fhelio-informatics.org%2FFL_SECstandard_20100815_203828_20100815182300
FL,UTC-HGS-TOPO,397.803,-410.394,-154.274,-20,2010-10-16T19:07:00,2010-10-16T19:15:00,SWPC,GOES,GOES,ivo://helio-informatics.org/FL_SECstandard_20110907_161901_20101016190700,https://www.lmsal.com/hek/her?cmd=view-voevent&ivorn=ivo%3A%2F%2Fhelio-informatics.org%2FFL_SECstandard_20110907_161901_20101016190700
FL,UTC-HGS-TOPO,0,-75.861,-10.0322,0,2010-10-31T04:26:00,2010-10-31T04:36:00,SWPC,GOES,GOES,ivo://helio-informatics.org/FL_SECstandard_20101031_063630_20101031042600,https://www.lmsal.com/hek/her?cmd=view-voevent&ivorn=ivo%3A%2F%2Fhelio-informatics.org%2FFL_SECstandard_20101031_063630_20101031042600
FL,UTC-HGS-TOPO,-882.558,-345.576,-149.25151,-20,2010-11-04T23:30:00,2010-11-05T00:12:00,SWPC,GOES,GOES,ivo://helio-informatics.org/FL_SECstandard_20101105_193602_20101104233000,https://www.lmsal.com/hek/her?cmd=view-voevent&ivorn=ivo%3A%2F%2Fhelio-informatics.org%2FFL_SECstandard_20101105_193602_20101104233000
FL,UTC-HGS-TOPO,-882.558,-345.576,-149.25151,-20,2010-11-04T23:30:00,2010-11-05T00:12:00,SEC standard,GOES,GOES,ivo://helio-informatics.org/FL_SECstandard_20101105_043605_20101104233000,https://www.lmsal.com/hek/her?cmd=view-voevent&ivorn=ivo%3A%2F%2Fhelio-informatics.org%2FFL_SECstandard_20101105_043605_20101104233000
FL,UTC-HGS-TOPO,0,-67.5366,-73.96572,0,2010-11-05T00:48:00,2010-11-05T01:02:00,SWPC,GOES,GOES,ivo://helio-informatics.org/FL_SECstandard_20101105_023602_20101105004800,https://www.lmsal.com/hek/her?cmd=view-voevent&ivorn=ivo%3A%2F%2Fhelio-informatics.org%2FFL_SECstandard_20101105_023602_20101105004800
FL,UTC-HGS-TOPO,0,-66.6528,-80.51257,0,2010-11-05T12:43:00,2010-11-05T14:06:00,SWPC,GOES,GOES,ivo://helio-informatics.org/FL_SECstandard_20101105_163615_20101105124300,https://www.lmsal.com/hek/her?cmd=view-voevent&ivorn=ivo%3A%2F%2Fhelio-informatics.org%2FFL_SECstandard_20101105_163615_20101105124300
FL,UTC-HGS-TOPO,-777.474,-347.2902,-153.19929,-19,2010-11-06T15:27:00,2010-11-06T15:44:00,SWPC,GOES,GOES,ivo://helio-informatics.org/FL_SECstandard_20101106_203622_20101106152700,https://www.lmsal.com/hek/her?cmd=view-voevent&ivorn=ivo%3A%2F%2Fhelio-informatics.org%2FFL_SECstandard_20101106_203622_20101106152700
FL,UTC-HGS-TOPO,-718.236,-398.1396,-153.72962,-22,2010-11-07T01:31:00,2010-11-07T01:52:00,SWPC,GOES,GOES,ivo://helio-informatics.org/FL_SECstandard_20101107_043613_20101107013100,https://www.lmsal.com/hek/her?cmd=view-voevent&ivorn=ivo%3A%2F%2Fhelio-informatics.org%2FFL_SECstandard_20101107_043613_20101107013100
FL,UTC-HGS-TOPO,0,15.58488,115.71918,0,2010-12-15T06:27:00,2010-12-15T06:50:00,SWPC,GOES,GOES,ivo://helio-informatics.org/FL_SECstandard_20101215_093603_20101215062700,https://www.lmsal.com/hek/her?cmd=view-voevent&ivorn=ivo%3A%2F%2Fhelio-informatics.org%2FFL_SECstandard_20101215_093603_20101215062700
FL,UTC-HGS-TOPO,0,97.044,-100.61614,0,2011-01-28T00:44:00,2011-01-28T01:10:00,SWPC,GOES,GOES,ivo://helio-informatics.org/FL_SECstandard_20110907_162224_20110128004400,https://www.lmsal.com/hek/her?cmd=view-voevent&ivorn=ivo%3A%2F%2Fhelio-informatics.org%2FFL_SECstandard_20110907_162224_20110128004400
FL,UTC-HGS-TOPO,885.18,315.3462,173.03045,17,2011-02-09T01:23:00,2011-02-09T01:35:00,SWPC,GOES,GOES,ivo://helio-informatics.org/FL_SECstandard_20110509_172551_20110209012300,https://www.lmsal.com/hek/her?cmd=view-voevent&ivorn=ivo%3A%2F%2Fhelio-informatics.org%2FFL_SECstandard_20110509_172551_20110209012300
FL,UTC-HGS-TOPO,-63.9588,-223.8318,35.537921,-20,2011-02-13T17:28:00,2011-02-13T17:47:00,SWPC,GOES,GOES,ivo://helio-informatics.org/FL_SECstandard_20110509_172628_20110213172800,https://www.lmsal.com/hek/her?cmd=view-voevent&ivorn=ivo%3A%2F%2Fhelio-informatics.org%2FFL_SECstandard_20110509_172628_20110213172800
FL,UTC-HGS-TOPO,0,115.0818,34.08799,0,2011-02-14T03:24:00,2011-02-14T05:08:00,SWPC,GOES,GOES,ivo://helio-informatics.org/FL_SECstandard_20110509_172632_20110214032400,https://www.lmsal.com/hek/her?cmd=view-voevent&ivorn=ivo%3A%2F%2Fhelio-informatics.org%2FFL_SECstandard_20110509_172632_20110214032400
FL,UTC-HGS-TOPO,16.00068,-223.218,34.493617,-20,2011-02-14T04:29:00,2011-02-14T05:09:00,SWPC,GOES,GOES,ivo://helio-informatics.org/FL_SECstandard_20110509_172633_20110214042900,https://www.lmsal.com/hek/her?cmd=view-voevent&ivorn=ivo%3A%2F%2Fhelio-informatics.org%2FFL_SECstandard_20110509_172633_20110214042900
FL,UTC-HGS-TOPO,0,115.1892,32.195137,0,2011-02-14T06:51:00,2011-02-14T07:03:00,SWPC,GOES,GOES,ivo://helio-informatics.org/FL_SECstandard_20110509_172634_20110214065100,https://www.lmsal.com/hek/her?cmd=view-voevent&ivorn=ivo%3A%2F%2Fhelio-informatics.org%2FFL_SECstandard_20110509_172634_20110214065100
FL,UTC-HGS-TOPO,0,115.3692,28.994651,0,2011-02-14T12:41:00,2011-02-14T12:58:00,SWPC,GOES,GOES,ivo://helio-informatics.org/FL_SECstandard_20110509_172636_20110214124100,https://www.lmsal.com/hek/her?cmd=view-voevent&ivorn=ivo%3A%2F%2Fhelio-informatics.org%2FFL_SECstandard_20110509_172636_20110214124100
FL,UTC-HGS-TOPO,95.8242,-223.4832,34.391129,-20,2011-02-14T13:47:00,2011-02-14T14:42:00,SWPC,GOES,GOES,ivo://helio-informatics.org/FL_SECstandard_20110509_172637_20110214134700,https://www.lmsal.com/hek/her?cmd=view-voevent&ivorn=ivo%3A%2F%2Fhelio-informatics.org%2FFL_SECstandard_20110509_172637_20110214134700
FL,UTC-HGS-TOPO,168.1446,862.29,44.443398,56,2011-02-14T17:20:00,2011-02-14T17:32:00,SWPC,GOES,GOES,ivo://helio-informatics.org/FL_SECstandard_20110509_172639_20110214172000,https://www.lmsal.com/hek/her?cmd=view-voevent&ivorn=ivo%3A%2F%2Fhelio-informatics.org%2FFL_SECstandard_20110509_172639_20110214172000
FL,UTC-HGS-TOPO,79.8954,-223.122,30.318649,-20,2011-02-14T19:23:00,2011-02-14T19:36:00,SWPC,GOES,GOES,ivo://helio-informatics.org/FL_SECstandard_20110509_172639_20110214192300,https://www.lmsal.com/hek/her?cmd=view-voevent&ivorn=ivo%3A%2F%2Fhelio-informatics.org%2FFL_SECstandard_20110509_172639_20110214192300
FL,UTC-HGS-TOPO,328.359,-229.1394,33.08673,-20,2011-02-15T19:30:00,2011-02-15T20:53:00,SWPC,GOES,GOES,ivo://helio-informatics.org/FL_SECstandard_20110509_172647_20110215193000,https://www.lmsal.com/hek/her?cmd=view-voevent&ivorn=ivo%3A%2F%2Fhelio-informatics.org%2FFL_SECstandard_20110509_172647_20110215193000
FL,UTC-HGS-TOPO,0,116.4564,8.7764284,0,2011-02-16T01:32:00,2011-02-16T01:46:00,SWPC,GOES,GOES,ivo://helio-informatics.org/FL_SECstandard_20110509_172651_20110216013200,https://www.lmsal.com/hek/her?cmd=view-voevent&ivorn=ivo%3A%2F%2Fhelio-informatics.org%2FFL_SECstandard_20110509_172651_20110216013200
FL,UTC-HGS-TOPO,0,116.5728,6.5085892,0,2011-02-16T05:40:00,2011-02-16T05:55:00,SWPC,GOES,GOES,ivo://helio-informatics.org/FL_SECstandard_20110509_172652_20110216054000,https://www.lmsal.com/hek/her?cmd=view-voevent&ivorn=ivo%3A%2F%2Fhelio-informatics.org%2FFL_SECstandard_20110509_172652_20110216054000
FL,UTC-HGS-TOPO,0,116.6262,5.4569678,0,2011-02-16T07:35:00,2011-02-16T07:55:00,SWPC,GOES,GOES,ivo://helio-informatics.org/FL_SECstandard_20110509_172654_20110216073500,https://www.lmsal.com/hek/her?cmd=view-voevent&ivorn=ivo%3A%2F%2Fhelio-informatics.org%2FFL_SECstandard_20110509_172654_20110216073500
FL,UTC-HGS-TOPO,0,116.667,4.6613924,0,2011-02-16T09:02:00,2011-02-16T09:19:00,SWPC,GOES,GOES,ivo://helio-informatics.org/FL_SECstandard_20110509_172655_20110216090200,https://www.lmsal.com/hek/her?cmd=view-voevent&ivorn=ivo%3A%2F%2Fhelio-informatics.org%2FFL_SECstandard_20110509_172655_20110216090200
FL,UTC-HGS-TOPO,485.286,-237.8976,33.7625642,-20,2011-02-16T14:19:00,2011-02-16T14:29:00,SWPC,GOES,GOES,ivo://helio-informatics.org/FL_SECstandard_20110509_172658_20110216141900,https://www.lmsal.com/hek/her?cmd=view-voevent&ivorn=ivo%3A%2F%2Fhelio-informatics.org%2FFL_SECstandard_20110509_172658_20110216141900
FL,UTC-HGS-TOPO,498.7404,-238.887,34.140732,-20,2011-02-16T15:27:00,2011-02-16T15:37:00,SWPC,GOES,GOES,ivo://helio-informatics.org/FL_SECstandard_20110509_172659_20110216152700,https://www.lmsal.com/hek/her?cmd=view-voevent&ivorn=ivo%3A%2F%2Fhelio-informatics.org%2FFL_SECstandard_20110509_172659_20110216152700
FL,UTC-HGS-TOPO,0,117.1212,-4.47406999999998,0,2011-02-17T01:41:00,2011-02-17T01:50:00,SWPC,GOES,GOES,ivo://helio-informatics.org/FL_SECstandard_20110509_172703_20110217014100,https://www.lmsal.com/hek/her?cmd=view-voevent&ivorn=ivo%3A%2F%2Fhelio-informatics.org%2FFL_SECstandard_20110509_172703_20110217014100
FL,UTC-HGS-TOPO,0,117.8634,-20.25795,0,2011-02-18T06:27:00,2011-02-18T06:39:00,SWPC,GOES,GOES,ivo://helio-informatics.org/FL_SECstandard_20110509_172715_20110218062700,https://www.lmsal.com/hek/her?cmd=view-voevent&ivorn=ivo%3A%2F%2Fhelio-informatics.org%2FFL_SECstandard_20110509_172715_20110218062700
FL,UTC-HGS-TOPO,0,117.8826,-20.67861,0,2011-02-18T07:13:00,2011-02-18T07:38:00,SWPC,GOES,GOES,ivo://helio-informatics.org/FL_SECstandard_20110509_172715_20110218071300,https://www.lmsal.com/hek/her?cmd=view-voevent&ivorn=ivo%3A%2F%2Fhelio-informatics.org%2FFL_SECstandard_20110509_172715_20110218071300
FL,UTC-HGS-TOPO,0,117.9492,-22.16009,0,2011-02-18T09:55:00,2011-02-18T10:15:00,SWPC,GOES,GOES,ivo://helio-informatics.org/FL_SECstandard_20110509_172717_20110218095500,https://www.lmsal.com/hek/her?cmd=view-voevent&ivorn=ivo%3A%2F%2Fhelio-informatics.org%2FFL_SECstandard_20110509_172717_20110218095500
FL,UTC-HGS-TOPO,0,117.9606,-22.41614,0,2011-02-18T10:23:00,2011-02-18T10:37:00,SWPC,GOES,GOES,ivo://helio-informatics.org/FL_SECstandard_20110509_172718_20110218102300,https://www.lmsal.com/hek/her?cmd=view-voevent&ivorn=ivo%3A%2F%2Fhelio-informatics.org%2FFL_SECstandard_20110509_172718_20110218102300
FL,UTC-HGS-TOPO,0,118.0242,-23.84275,0,2011-02-18T12:59:00,2011-02-18T13:06:00,SWPC,GOES,GOES,ivo://helio-informatics.org/FL_SECstandard_20110509_172720_20110218125900,https://www.lmsal.com/hek/her?cmd=view-voevent&ivorn=ivo%3A%2F%2Fhelio-informatics.org%2FFL_SECstandard_20110509_172720_20110218125900
FL,UTC-HGS-TOPO,0,118.0494,-24.40059,0,2011-02-18T14:00:00,2011-02-18T14:15:00,SWPC,GOES,GOES,ivo://helio-informatics.org/FL_SECstandard_20110509_172721_20110218140000,https://www.lmsal.com/hek/her?cmd=view-voevent&ivorn=ivo%3A%2F%2Fhelio-informatics.org%2FFL_SECstandard_20110509_172721_20110218140000
FL,UTC-HGS-TOPO,0,118.0722,-24.92186,0,2011-02-18T14:57:00,2011-02-18T15:09:00,SWPC,GOES,GOES,ivo://helio-informatics.org/FL_SECstandard_20110509_172722_20110218145700,https://www.lmsal.com/hek/her?cmd=view-voevent&ivorn=ivo%3A%2F%2Fhelio-informatics.org%2FFL_SECstandard_20110509_172722_20110218145700
FL,UTC-HGS-TOPO,0,118.0932,-25.38825,0,2011-02-18T15:48:00,2011-02-18T15:59:00,SWPC,GOES,GOES,ivo://helio-informatics.org/FL_SECstandard_20110509_172723_20110218154800,https://www.lmsal.com/hek/her?cmd=view-voevent&ivorn=ivo%3A%2F%2Fhelio-informatics.org%2FFL_SECstandard_20110509_172723_20110218154800
FL,UTC-HGS-TOPO,0,118.1712,-27.16237,0,2011-02-18T19:02:00,2011-02-18T19:28:00,SWPC,GOES,GOES,ivo://helio-informatics.org/FL_SECstandard_20110509_172727_20110218190200,https://www.lmsal.com/hek/her?cmd=view-voevent&ivorn=ivo%3A%2F%2Fhelio-informatics.org%2FFL_SECstandard_20110509_172727_20110218190200
FL,UTC-HGS-TOPO,0,118.2168,-28.2049,0,2011-02-18T20:56:00,2011-02-18T21:14:00,SWPC,GOES,GOES,ivo://helio-informatics.org/FL_SECstandard_20110509_172728_20110218205600,https://www.lmsal.com/hek/her?cmd=view-voevent&ivorn=ivo%3A%2F%2Fhelio-informatics.org%2FFL_SECstandard_20110509_172728_20110218205600
FL,UTC-HGS-TOPO,176.7978,409.3824,-23.27721,18,2011-02-19T08:00:00,2011-02-19T08:12:00,SWPC,GOES,GOES,ivo://helio-informatics.org/FL_SECstandard_20110509_172733_20110219080000,https://www.lmsal.com/hek/her?cmd=view-voevent&ivorn=ivo%3A%2F%2Fhelio-informatics.org%2FFL_SECstandard_20110509_172733_20110219080000
FL,UTC-HGS-TOPO,868.326,-295.4844,32.97648,-20,2011-02-19T16:39:00,2011-02-19T16:45:00,SWPC,GOES,GOES,ivo://helio-informatics.org/FL_SECstandard_20110509_172738_20110219163900,https://www.lmsal.com/hek/her?cmd=view-voevent&ivorn=ivo%3A%2F%2Fhelio-informatics.org%2FFL_SECstandard_20110509_172738_20110219163900
FL,UTC-HGS-TOPO,0,119.5578,-61.78626,0,2011-02-21T10:08:00,2011-02-21T10:15:00,SWPC,GOES,GOES,ivo://helio-informatics.org/FL_SECstandard_20110509_172753_20110221100800,https://www.lmsal.com/hek/her?cmd=view-voevent&ivorn=ivo%3A%2F%2Fhelio-informatics.org%2FFL_SECstandard_20110509_172753_20110221100800
FL,UTC-HGS-TOPO,0,120.7782,-99.78728,0,2011-02-24T07:23:00,2011-02-24T07:42:00,SWPC,GOES,GOES,ivo://helio-informatics.org/FL_SECstandard_20110509_172804_20110224072300,https://www.lmsal.com/hek/her?cmd=view-voevent&ivorn=ivo%3A%2F%2Fhelio-informatics.org%2FFL_SECstandard_20110509_172804_20110224072300
FL,UTC-HGS-TOPO,0,121.9932,-155.35384,0,2011-02-28T12:38:00,2011-02-28T13:03:00,SWPC,GOES,GOES,ivo://helio-informatics.org/FL_SECstandard_20110509_172901_20110228123800,https://www.lmsal.com/hek/her?cmd=view-voevent&ivorn=ivo%3A%2F%2Fhelio-informatics.org%2FFL_SECstandard_20110509_172901_20110228123800
FL,UTC-HGS-TOPO,-470.1804,486.3882,165.03549,24,2011-03-01T02:30:00,2011-03-01T04:40:00,SWPC,GOES,GOES,ivo://helio-informatics.org/FL_SECstandard_20110509_172907_20110301023000,https://www.lmsal.com/hek/her?cmd=view-voevent&ivorn=ivo%3A%2F%2Fhelio-informatics.org%2FFL_SECstandard_20110509_172907_20110301023000
FL,UTC-HGS-TOPO,0,122.4522,164.26767,0,2011-03-03T14:12:00,2011-03-03T14:31:00,SWPC,GOES,GOES,ivo://helio-informatics.org/FL_SECstandard_20110509_172920_20110303141200,https://www.lmsal.com/hek/her?cmd=view-voevent&ivorn=ivo%3A%2F%2Fhelio-informatics.org%2FFL_SECstandard_20110509_172920_20110303141200
FL,UTC-HGS-TOPO,0,122.5602,126.76677,0,2011-03-06T10:31:00,2011-03-06T10:55:00,SWPC,GOES,GOES,ivo://helio-informatics.org/FL_SECstandard_20110509_172957_20110306103100,https://www.lmsal.com/hek/her?cmd=view-voevent&ivorn=ivo%3A%2F%2Fhelio-informatics.org%2FFL_SECstandard_20110509_172957_20110306103100
FL,UTC-HGS-TOPO,0,122.5596,125.98908,0,2011-03-06T11:56:00,2011-03-06T12:12:00,SWPC,GOES,GOES,ivo://helio-informatics.org/FL_SECstandard_20110509_172959_20110306115600,https://www.lmsal.com/hek/her?cmd=view-voevent&ivorn=ivo%3A%2F%2Fhelio-informatics.org%2FFL_SECstandard_20110509_172959_20110306115600
FL,UTC-HGS-TOPO,0,122.5584,125.1199,0,2011-03-06T13:31:00,2011-03-06T14:16:00,SWPC,GOES,GOES,ivo://helio-informatics.org/FL_SECstandard_20110509_173000_20110306133100,https://www.lmsal.com/hek/her?cmd=view-voevent&ivorn=ivo%3A%2F%2Fhelio-informatics.org%2FFL_SECstandard_20110509_173000_20110306133100
FL,UTC-HGS-TOPO,0,122.5572,124.47944,0,2011-03-06T14:41:00,2011-03-06T14:47:00,SWPC,GOES,GOES,ivo://helio-informatics.org/FL_SECstandard_20110509_173002_20110306144100,https://www.lmsal.com/hek/her?cmd=view-voevent&ivorn=ivo%3A%2F%2Fhelio-informatics.org%2FFL_SECstandard_20110509_173002_20110306144100
FL,UTC-HGS-TOPO,0,122.5554,123.52791,0,2011-03-06T16:25:00,2011-03-06T16:33:00,SWPC,GOES,GOES,ivo://helio-informatics.org/FL_SECstandard_20110509_173005_20110306162500,https://www.lmsal.com/hek/her?cmd=view-voevent&ivorn=ivo%3A%2F%2Fhelio-informatics.org%2FFL_SECstandard_20110509_173005_20110306162500
FL,UTC-HGS-TOPO,869.802,-294.8424,-170.01396,-20,2011-03-07T04:20:00,2011-03-07T04:47:00,SWPC,GOES,GOES,ivo://helio-informatics.org/FL_SECstandard_20110509_173013_20110307042000,https://www.lmsal.com/hek/her?cmd=view-voevent&ivorn=ivo%3A%2F%2Fhelio-informatics.org%2FFL_SECstandard_20110509_173013_20110307042000
FL,UTC-HGS-TOPO,0,122.5374,116.62006,0,2011-03-07T05:00:00,2011-03-07T05:19:00,SWPC,GOES,GOES,ivo://helio-informatics.org/FL_SECstandard_20110509_173014_20110307050000,https://www.lmsal.com/hek/her?cmd=view-voevent&ivorn=ivo%3A%2F%2Fhelio-informatics.org%2FFL_SECstandard_20110509_173014_20110307050000
FL,UTC-HGS-TOPO,889.308,-304.4136,-166.92622,-20,2011-03-07T07:49:00,2011-03-07T07:56:00,SWPC,GOES,GOES,ivo://helio-informatics.org/FL_SECstandard_20110509_173017_20110307074900,https://www.lmsal.com/hek/her?cmd=view-voevent&ivorn=ivo%3A%2F%2Fhelio-informatics.org%2FFL_SECstandard_20110509_173017_20110307074900
FL,UTC-HGS-TOPO,642.276,481.8228,161.98229,25,2011-03-07T07:59:00,2011-03-07T08:15:00,SWPC,GOES,GOES,ivo://helio-informatics.org/FL_SECstandard_20110509_173018_20110307075900,https://www.lmsal.com/hek/her?cmd=view-voevent&ivorn=ivo%3A%2F%2Fhelio-informatics.org%2FFL_SECstandard_20110509_173018_20110307075900
FL,UTC-HGS-TOPO,683.202,447.8886,164.29607,23,2011-03-07T09:14:00,2011-03-07T09:28:00,SWPC,GOES,GOES,ivo://helio-informatics.org/FL_SECstandard_20110509_173019_20110307091400,https://www.lmsal.com/hek/her?cmd=view-voevent&ivorn=ivo%3A%2F%2Fhelio-informatics.org%2FFL_SECstandard_20110509_173019_20110307091400
FL,UTC-HGS-TOPO,0,122.5188,111.81651,0,2011-03-07T13:45:00,2011-03-07T14:56:00,SWPC,GOES,GOES,ivo://helio-informatics.org/FL_SECstandard_20110509_173022_20110307134500,https://www.lmsal.com/hek/her?cmd=view-voevent&ivorn=ivo%3A%2F%2Fhelio-informatics.org%2FFL_SECstandard_20110509_173022_20110307134500
FL,UTC-HGS-TOPO,0,122.5128,110.53555,0,2011-03-07T16:05:00,2011-03-07T16:12:00,SWPC,GOES,GOES,ivo://helio-informatics.org/FL_SECstandard_20110509_173023_20110307160500,https://www.lmsal.com/hek/her?cmd=view-voevent&ivorn=ivo%3A%2F%2Fhelio-informatics.org%2FFL_SECstandard_20110509_173023_20110307160500
FL,UTC-HGS-TOPO,0,122.5068,109.31863,0,2011-03-07T18:18:00,2011-03-07T18:41:00,SWPC,GOES,GOES,ivo://helio-informatics.org/FL_SECstandard_20110509_173024_20110307181800,https://www.lmsal.com/hek/her?cmd=view-voevent&ivorn=ivo%3A%2F%2Fhelio-informatics.org%2FFL_SECstandard_20110509_173024_20110307181800
FL,UTC-HGS-TOPO,0,122.5032,108.5409,0,2011-03-07T19:43:00,2011-03-07T20:58:00,SWPC,GOES,GOES,ivo://helio-informatics.org/FL_SECstandard_20110509_173026_20110307194300,https://www.lmsal.com/hek/her?cmd=view-voevent&ivorn=ivo%3A%2F%2Fhelio-informatics.org%2FFL_SECstandard_20110509_173026_20110307194300
FL,UTC-HGS-TOPO,0,122.4972,107.42462,0,2011-03-07T21:45:00,2011-03-07T21:55:00,SWPC,GOES,GOES,ivo://helio-informatics.org/FL_SECstandard_20110509_173027_20110307214500,https://www.lmsal.com/hek/her?cmd=view-voevent&ivorn=ivo%3A%2F%2Fhelio-informatics.org%2FFL_SECstandard_20110509_173027_20110307214500
FL,UTC-HGS-TOPO,903.006,-274.3632,-176.12819,-18,2011-03-08T02:24:00,2011-03-08T02:32:00,SWPC,GOES,GOES,ivo://helio-informatics.org/FL_SECstandard_20110509_173030_20110308022400,https://www.lmsal.com/hek/her?cmd=view-voevent&ivorn=ivo%3A%2F%2Fhelio-informatics.org%2FFL_SECstandard_20110509_173030_20110308022400
FL,UTC-HGS-TOPO,0,122.4786,104.20387,0,2011-03-08T03:37:00,2011-03-08T04:20:00,SWPC,GOES,GOES,ivo://helio-informatics.org/FL_SECstandard_20110509_173031_20110308033700,https://www.lmsal.com/hek/her?cmd=view-voevent&ivorn=ivo%3A%2F%2Fhelio-informatics.org%2FFL_SECstandard_20110509_173031_20110308033700
FL,UTC-HGS-TOPO,0,122.4738,103.40783,0,2011-03-08T05:04:00,2011-03-08T05:12:00,SWPC,GOES,GOES,ivo://helio-informatics.org/FL_SECstandard_20110509_173032_20110308050400,https://www.lmsal.com/hek/her?cmd=view-voevent&ivorn=ivo%3A%2F%2Fhelio-informatics.org%2FFL_SECstandard_20110509_173032_20110308050400
FL,UTC-HGS-TOPO,0,122.454,100.37919,0,2011-03-08T10:35:00,2011-03-08T10:55:00,SWPC,GOES,GOES,ivo://helio-informatics.org/FL_SECstandard_20110509_173034_20110308103500,https://www.lmsal.com/hek/her?cmd=view-voevent&ivorn=ivo%3A%2F%2Fhelio-informatics.org%2FFL_SECstandard_20110509_173034_20110308103500
FL,UTC-HGS-TOPO,0,122.4234,96.2342,0,2011-03-08T18:08:00,2011-03-08T18:41:00,SWPC,GOES,GOES,ivo://helio-informatics.org/FL_SECstandard_20110509_173035_20110308180800,https://www.lmsal.com/hek/her?cmd=view-voevent&ivorn=ivo%3A%2F%2Fhelio-informatics.org%2FFL_SECstandard_20110509_173035_20110308180800
FL,UTC-HGS-TOPO,0,122.4168,95.337485,0,2011-03-08T19:46:00,2011-03-08T21:19:00,SWPC,GOES,GOES,ivo://helio-informatics.org/FL_SECstandard_20110509_173036_20110308194600,https://www.lmsal.com/hek/her?cmd=view-voevent&ivorn=ivo%3A%2F%2Fhelio-informatics.org%2FFL_SECstandard_20110509_173036_20110308194600
FL,UTC-HGS-TOPO,-33.44982,271.3956,91.470846,9,2011-03-08T23:10:00,2011-03-08T23:19:00,SWPC,GOES,GOES,ivo://helio-informatics.org/FL_SECstandard_20110509_173038_20110308231000,https://www.lmsal.com/hek/her?cmd=view-voevent&ivorn=ivo%3A%2F%2Fhelio-informatics.org%2FFL_SECstandard_20110509_173038_20110308231000
FL,UTC-HGS-TOPO,0,122.3994,93.269541,0,2011-03-08T23:32:00,2011-03-08T23:40:00,SWPC,GOES,GOES,ivo://helio-informatics.org/FL_SECstandard_20110509_173039_20110308233200,https://www.lmsal.com/hek/her?cmd=view-voevent&ivorn=ivo%3A%2F%2Fhelio-informatics.org%2FFL_SECstandard_20110509_173039_20110308233200
FL,UTC-HGS-TOPO,0,122.3886,91.988507,0,2011-03-09T01:52:00,2011-03-09T02:07:00,SWPC,GOES,GOES,ivo://helio-informatics.org/FL_SECstandard_20110509_173040_20110309015200,https://www.lmsal.com/hek/her?cmd=view-voevent&ivorn=ivo%3A%2F%2Fhelio-informatics.org%2FFL_SECstandard_20110509_173040_20110309015200
FL,UTC-HGS-TOPO,0,122.3856,91.640797,0,2011-03-09T02:30:00,2011-03-09T02:36:00,SWPC,GOES,GOES,ivo://helio-informatics.org/FL_SECstandard_20110509_173042_20110309023000,https://www.lmsal.com/hek/her?cmd=view-voevent&ivorn=ivo%3A%2F%2Fhelio-informatics.org%2FFL_SECstandard_20110509_173042_20110309023000
FL,UTC-HGS-TOPO,67.1832,238.446,92.410734,7,2011-03-09T08:23:00,2011-03-09T09:06:00,SWPC,GOES,GOES,ivo://helio-informatics.org/FL_SECstandard_20110509_173043_20110309082300,https://www.lmsal.com/hek/her?cmd=view-voevent&ivorn=ivo%3A%2F%2Fhelio-informatics.org%2FFL_SECstandard_20110509_173043_20110309082300
FL,UTC-HGS-TOPO,0,122.3448,87.202884,0,2011-03-09T10:35:00,2011-03-09T11:21:00,SWPC,GOES,GOES,ivo://helio-informatics.org/FL_SECstandard_20110509_173044_20110309103500,https://www.lmsal.com/hek/her?cmd=view-voevent&ivorn=ivo%3A%2F%2Fhelio-informatics.org%2FFL_SECstandard_20110509_173044_20110309103500
FL,UTC-HGS-TOPO,100.1688,270.7092,91.720515,9,2011-03-09T13:17:00,2011-03-09T14:13:00,SWPC,GOES,GOES,ivo://helio-informatics.org/FL_SECstandard_20110509_173045_20110309131700,https://www.lmsal.com/hek/her?cmd=view-voevent&ivorn=ivo%3A%2F%2Fhelio-informatics.org%2FFL_SECstandard_20110509_173045_20110309131700
FL,UTC-HGS-TOPO,-339.0636,450.4338,59.456379,21,2011-03-09T21:03:00,2011-03-09T21:22:00,SWPC,GOES,GOES,ivo://helio-informatics.org/FL_SECstandard_20110509_173049_20110309210300,https://www.lmsal.com/hek/her?cmd=view-voevent&ivorn=ivo%3A%2F%2Fhelio-informatics.org%2FFL_SECstandard_20110509_173049_20110309210300
FL,UTC-HGS-TOPO,67.0182,254.7246,84.907344,8,2011-03-09T22:03:00,2011-03-09T22:14:00,SWPC,GOES,GOES,ivo://helio-informatics.org/FL_SECstandard_20110509_173051_20110309220300,https://www.lmsal.com/hek/her?cmd=view-voevent&ivorn=ivo%3A%2F%2Fhelio-informatics.org%2FFL_SECstandard_20110509_173051_20110309220300
FL,UTC-HGS-TOPO,0,122.2218,75.965988,0,2011-03-10T07:03:00,2011-03-10T07:15:00,SWPC,GOES,GOES,ivo://helio-informatics.org/FL_SECstandard_20110509_173054_20110310070300,https://www.lmsal.com/hek/her?cmd=view-voevent&ivorn=ivo%3A%2F%2Fhelio-informatics.org%2FFL_SECstandard_20110509_173054_20110310070300
FL,UTC-HGS-TOPO,0,122.1108,67.446536,0,2011-03-10T22:34:00,2011-03-10T22:49:00,SWPC,GOES,GOES,ivo://helio-informatics.org/FL_SECstandard_20110509_173100_20110310223400,https://www.lmsal.com/hek/her?cmd=view-voevent&ivorn=ivo%3A%2F%2Fhelio-informatics.org%2FFL_SECstandard_20110509_173100_20110310223400
FL,UTC-HGS-TOPO,508.5972,236.2392,96.326032,8,2011-03-11T04:15:00,2011-03-11T04:39:00,SWPC,GOES,GOES,ivo://helio-informatics.org/FL_SECstandard_20110509_173104_20110311041500,https://www.lmsal.com/hek/her?cmd=view-voevent&ivorn=ivo%3A%2F%2Fhelio-informatics.org%2FFL_SECstandard_20110509_173104_20110311041500
FL,UTC-HGS-TOPO,567.2886,181.8804,86.98345,5,2011-03-12T04:33:00,2011-03-12T04:48:00,SWPC,GOES,GOES,ivo://helio-informatics.org/FL_SECstandard_20110509_173114_20110312043300,https://www.lmsal.com/hek/her?cmd=view-voevent&ivorn=ivo%3A%2F%2Fhelio-informatics.org%2FFL_SECstandard_20110509_173114_20110312043300
FL,UTC-HGS-TOPO,701.136,215.7762,93.407665,8,2011-03-12T12:53:00,2011-03-12T13:06:00,SWPC,GOES,GOES,ivo://helio-informatics.org/FL_SECstandard_20110509_173118_20110312125300,https://www.lmsal.com/hek/her?cmd=view-voevent&ivorn=ivo%3A%2F%2Fhelio-informatics.org%2FFL_SECstandard_20110509_173118_20110312125300
FL,UTC-HGS-TOPO,607.212,177.897,84.071522,5,2011-03-12T15:19:00,2011-03-12T15:34:00,SWPC,GOES,GOES,ivo://helio-informatics.org/FL_SECstandard_20110509_173118_20110312151900,https://www.lmsal.com/hek/her?cmd=view-voevent&ivorn=ivo%3A%2F%2Fhelio-informatics.org%2FFL_SECstandard_20110509_173118_20110312151900
FL,UTC-HGS-TOPO,0,121.5024,32.936135,0,2011-03-13T13:25:00,2011-03-13T13:40:00,SWPC,GOES,GOES,ivo://helio-informatics.org/FL_SECstandard_20110509_173126_20110313132500,https://www.lmsal.com/hek/her?cmd=view-voevent&ivorn=ivo%3A%2F%2Fhelio-informatics.org%2FFL_SECstandard_20110509_173126_20110313132500
FL,UTC-HGS-TOPO,0,121.4886,32.286337,0,2011-03-13T14:36:00,2011-03-13T14:44:00,SWPC,GOES,GOES,ivo://helio-informatics.org/FL_SECstandard_20110509_173127_20110313143600,https://www.lmsal.com/hek/her?cmd=view-voevent&ivorn=ivo%3A%2F%2Fhelio-informatics.org%2FFL_SECstandard_20110509_173127_20110313143600
FL,UTC-HGS-TOPO,683.628,373.4892,64.416166,18,2011-03-14T19:30:00,2011-03-14T19:54:00,SWPC,GOES,GOES,ivo://helio-informatics.org/FL_SECstandard_20110509_173140_20110314193000,https://www.lmsal.com/hek/her?cmd=view-voevent&ivorn=ivo%3A%2F%2Fhelio-informatics.org%2FFL_SECstandard_20110509_173140_20110314193000
FL,UTC-HGS-TOPO,704.58,370.3752,64.338516,18,2011-03-14T23:17:00,2011-03-14T23:51:00,SWPC,GOES,GOES,ivo://helio-informatics.org/FL_SECstandard_20110509_173142_20110314231700,https://www.lmsal.com/hek/her?cmd=view-voevent&ivorn=ivo%3A%2F%2Fhelio-informatics.org%2FFL_SECstandard_20110509_173142_20110314231700
FL,UTC-HGS-TOPO,0,121.0554,13.780202,0,2011-03-15T00:18:00,2011-03-15T00:24:00,SWPC,GOES,GOES,ivo://helio-informatics.org/FL_SECstandard_20110509_173143_20110315001800,https://www.lmsal.com/hek/her?cmd=view-voevent&ivorn=ivo%3A%2F%2Fhelio-informatics.org%2FFL_SECstandard_20110509_173143_20110315001800
FL,UTC-HGS-TOPO,0,117.1854,-92.64137,0,2011-03-23T02:03:00,2011-03-23T02:24:00,SWPC,GOES,GOES,ivo://helio-informatics.org/FL_SECstandard_20110509_173220_20110323020300,https://www.lmsal.com/hek/her?cmd=view-voevent&ivorn=ivo%3A%2F%2Fhelio-informatics.org%2FFL_SECstandard_20110509_173220_20110323020300
FL,UTC-HGS-TOPO,-632.802,-182.4894,-154.30298,-16,2011-03-24T12:01:00,2011-03-24T12:11:00,SWPC,GOES,GOES,ivo://helio-informatics.org/FL_SECstandard_20110509_173225_20110324120100,https://www.lmsal.com/hek/her?cmd=view-voevent&ivorn=ivo%3A%2F%2Fhelio-informatics.org%2FFL_SECstandard_20110509_173225_20110324120100
FL,UTC-HGS-TOPO,0,116.1294,-114.05015,0,2011-03-24T17:01:00,2011-03-24T17:10:00,SWPC,GOES,GOES,ivo://helio-informatics.org/FL_SECstandard_20110509_173228_20110324170100,https://www.lmsal.com/hek/her?cmd=view-voevent&ivorn=ivo%3A%2F%2Fhelio-informatics.org%2FFL_SECstandard_20110509_173228_20110324170100
FL,UTC-HGS-TOPO,0,115.2516,-130.59795,0,2011-03-25T23:08:00,2011-03-25T23:30:00,SWPC,GOES,GOES,ivo://helio-informatics.org/FL_SECstandard_20110509_173239_20110325230800,https://www.lmsal.com/hek/her?cmd=view-voevent&ivorn=ivo%3A%2F%2Fhelio-informatics.org%2FFL_SECstandard_20110509_173239_20110325230800
FL,UTC-HGS-TOPO,303.2154,316.9008,-25.34995,14,2011-04-15T17:02:00,2011-04-15T17:28:00,SWPC,GOES,GOES,ivo://helio-informatics.org/FL_SECstandard_20110509_173355_20110415170200,https://www.lmsal.com/hek/her?cmd=view-voevent&ivorn=ivo%3A%2F%2Fhelio-informatics.org%2FFL_SECstandard_20110509_173355_20110415170200
FL,UTC-HGS-TOPO,426.1206,279.6876,-21.49454,12,2011-04-16T00:34:00,2011-04-16T01:08:00,SWPC,GOES,GOES,ivo://helio-informatics.org/FL_SECstandard_20110509_173357_20110416003400,https://www.lmsal.com/hek/her?cmd=view-voevent&ivorn=ivo%3A%2F%2Fhelio-informatics.org%2FFL_SECstandard_20110509_173357_20110416003400
FL,UTC-HGS-TOPO,536.0172,288.4152,-20.80278,13,2011-04-16T13:51:00,2011-04-16T14:29:00,SWPC,GOES,GOES,ivo://helio-informatics.org/FL_SECstandard_20110509_173405_20110416135100,https://www.lmsal.com/hek/her?cmd=view-voevent&ivorn=ivo%3A%2F%2Fhelio-informatics.org%2FFL_SECstandard_20110509_173405_20110416135100
FL,UTC-HGS-TOPO,-708.294,-193.7502,-169.51511,-15,2011-04-21T09:38:00,2011-04-21T09:58:00,SWPC,GOES,GOES,ivo://helio-informatics.org/FL_SECstandard_20110509_173427_20110421093800,https://www.lmsal.com/hek/her?cmd=view-voevent&ivorn=ivo%3A%2F%2Fhelio-informatics.org%2FFL_SECstandard_20110509_173427_20110421093800
FL,UTC-HGS-TOPO,-620.964,-236.1042,-172.94454,-18,2011-04-22T04:35:00,2011-04-22T05:14:00,SWPC,GOES,GOES,ivo://helio-informatics.org/FL_SECstandard_20110509_173430_20110422043500,https://www.lmsal.com/hek/her?cmd=view-voevent&ivorn=ivo%3A%2F%2Fhelio-informatics.org%2FFL_SECstandard_20110509_173430_20110422043500
FL,UTC-HGS-TOPO,-541.0848,-197.7342,-169.54038,-16,2011-04-22T11:07:00,2011-04-22T11:37:00,SWPC,GOES,GOES,ivo://helio-informatics.org/FL_SECstandard_20110509_173433_20110422110700,https://www.lmsal.com/hek/her?cmd=view-voevent&ivorn=ivo%3A%2F%2Fhelio-informatics.org%2FFL_SECstandard_20110509_173433_20110422110700
FL,UTC-HGS-TOPO,-522.3816,-229.686,-171.10887,-18,2011-04-22T15:47:00,2011-04-22T16:11:00,SWPC,GOES,GOES,ivo://helio-informatics.org/FL_SECstandard_20110509_173436_20110422154700,https://www.lmsal.com/hek/her?cmd=view-voevent&ivorn=ivo%3A%2F%2Fhelio-informatics.org%2FFL_SECstandard_20110509_173436_20110422154700
FL,UTC-HGS-TOPO,-514.7754,-196.4196,-170.74183,-16,2011-04-22T16:56:00,2011-04-22T17:14:00,SWPC,GOES,GOES,ivo://helio-informatics.org/FL_SECstandard_20110509_173437_20110422165600,https://www.lmsal.com/hek/her?cmd=view-voevent&ivorn=ivo%3A%2F%2Fhelio-informatics.org%2FFL_SECstandard_20110509_173437_20110422165600
FL,UTC-HGS-TOPO,872.76,352.5942,179.7709,21,2011-05-01T23:25:00,2011-05-01T23:39:00,SWPC,GOES,GOES,ivo://helio-informatics.org/FL_SECstandard_20110509_173520_20110501232500,https://www.lmsal.com/hek/her?cmd=view-voevent&ivorn=ivo%3A%2F%2Fhelio-informatics.org%2FFL_SECstandard_20110509_173520_20110501232500
FL,UTC-HGS-TOPO,0,54.7479,-3.48791,0,2011-05-09T20:42:00,2011-05-09T21:19:00,SWPC,GOES,GOES,ivo://helio-informatics.org/FL_SECstandard_20110512_210143_20110509204200,https://www.lmsal.com/hek/her?cmd=view-voevent&ivorn=ivo%3A%2F%2Fhelio-informatics.org%2FFL_SECstandard_20110512_210143_20110509204200
FL,UTC-HGS-TOPO,0,20.56308,120.66268,0,2011-05-27T16:38:00,2011-05-27T16:47:00,SWPC,GOES,GOES,ivo://helio-informatics.org/FL_SECstandard_20110907_162654_20110527163800,https://www.lmsal.com/hek/her?cmd=view-voevent&ivorn=ivo%3A%2F%2Fhelio-informatics.org%2FFL_SECstandard_20110907_162654_20110527163800
FL,UTC-HGS-TOPO,0,19.69992,114.91052,0,2011-05-28T03:04:00,2011-05-28T03:43:00,SWPC,GOES,GOES,ivo://helio-informatics.org/FL_SECstandard_20110907_162657_20110528030400,https://www.lmsal.com/hek/her?cmd=view-voevent&ivorn=ivo%3A%2F%2Fhelio-informatics.org%2FFL_SECstandard_20110907_162657_20110528030400
FL,UTC-HGS-TOPO,-858.156,-335.103,35.7955,-21,2011-05-28T08:43:00,2011-05-28T09:06:00,SWPC,GOES,GOES,ivo://helio-informatics.org/FL_SECstandard_20110907_162659_20110528084300,https://www.lmsal.com/hek/her?cmd=view-voevent&ivorn=ivo%3A%2F%2Fhelio-informatics.org%2FFL_SECstandard_20110907_162659_20110528084300
FL,UTC-HGS-TOPO,-845.952,-334.3068,37.8858,-21,2011-05-28T10:22:00,2011-05-28T11:21:00,SWPC,GOES,GOES,ivo://helio-informatics.org/FL_SECstandard_20110907_162659_20110528102200,https://www.lmsal.com/hek/her?cmd=view-voevent&ivorn=ivo%3A%2F%2Fhelio-informatics.org%2FFL_SECstandard_20110907_162659_20110528102200
FL,UTC-HGS-TOPO,-841.944,-318.4926,33.94055,-20,2011-05-28T21:09:00,2011-05-28T22:01:00,SWPC,GOES,GOES,ivo://helio-informatics.org/FL_SECstandard_20110907_162701_20110528210900,https://www.lmsal.com/hek/her?cmd=view-voevent&ivorn=ivo%3A%2F%2Fhelio-informatics.org%2FFL_SECstandard_20110907_162701_20110528210900
FL,UTC-HGS-TOPO,0,17.80806,102.32167,0,2011-05-29T01:54:00,2011-05-29T02:03:00,SWPC,GOES,GOES,ivo://helio-informatics.org/FL_SECstandard_20110907_162703_20110529015400,https://www.lmsal.com/hek/her?cmd=view-voevent&ivorn=ivo%3A%2F%2Fhelio-informatics.org%2FFL_SECstandard_20110907_162703_20110529015400
FL,UTC-HGS-TOPO,-796.53,-348.3402,32.782245,-22,2011-05-29T10:08:00,2011-05-29T11:08:00,SWPC,GOES,GOES,ivo://helio-informatics.org/FL_SECstandard_20110907_162705_20110529100800,https://www.lmsal.com/hek/her?cmd=view-voevent&ivorn=ivo%3A%2F%2Fhelio-informatics.org%2FFL_SECstandard_20110907_162705_20110529100800
FL,UTC-HGS-TOPO,-763.326,-362.835,35.973597,-23,2011-05-29T11:36:00,2011-05-29T11:42:00,SWPC,GOES,GOES,ivo://helio-informatics.org/FL_SECstandard_20110907_162706_20110529113600,https://www.lmsal.com/hek/her?cmd=view-voevent&ivorn=ivo%3A%2F%2Fhelio-informatics.org%2FFL_SECstandard_20110907_162706_20110529113600
FL,UTC-HGS-TOPO,-835.656,-287.0172,24.241144,-18,2011-05-29T20:11:00,2011-05-29T21:48:00,SWPC,GOES,GOES,ivo://helio-informatics.org/FL_SECstandard_20110907_162706_20110529201100,https://www.lmsal.com/hek/her?cmd=view-voevent&ivorn=ivo%3A%2F%2Fhelio-informatics.org%2FFL_SECstandard_20110907_162706_20110529201100
FL,UTC-HGS-TOPO,-678.582,-361.644,35.837818,-23,2011-05-30T05:59:00,2011-05-30T06:07:00,SWPC,GOES,GOES,ivo://helio-informatics.org/FL_SECstandard_20110907_162707_20110530055900,https://www.lmsal.com/hek/her?cmd=view-voevent&ivorn=ivo%3A%2F%2Fhelio-informatics.org%2FFL_SECstandard_20110907_162707_20110530055900
FL,UTC-HGS-TOPO,715.5,-339.795,34.80936,-21,2011-06-07T06:16:00,2011-06-07T06:59:00,SWPC,GOES,GOES,ivo://helio-informatics.org/FL_SECstandard_20110907_162719_20110607061600,https://www.lmsal.com/hek/her?cmd=view-voevent&ivorn=ivo%3A%2F%2Fhelio-informatics.org%2FFL_SECstandard_20110907_162719_20110607061600
FL,UTC-HGS-TOPO,-889.524,241.173,162.70156,15,2011-06-14T21:36:00,2011-06-14T22:10:00,SWPC,GOES,GOES,ivo://helio-informatics.org/FL_SECstandard_20110907_162729_20110614213600,https://www.lmsal.com/hek/her?cmd=view-voevent&ivorn=ivo%3A%2F%2Fhelio-informatics.org%2FFL_SECstandard_20110907_162729_20110614213600
FL,UTC-HGS-TOPO,-754.2,250.7436,163.50653,16,2011-06-16T10:13:00,2011-06-16T10:29:00,SWPC,GOES,GOES,ivo://helio-informatics.org/FL_SECstandard_20110907_162732_20110616101300,https://www.lmsal.com/hek/her?cmd=view-voevent&ivorn=ivo%3A%2F%2Fhelio-informatics.org%2FFL_SECstandard_20110907_162732_20110616101300
FL,UTC-HGS-TOPO,126.8046,234.6816,166.20344,16,2011-06-21T01:22:00,2011-06-21T04:27:00,SWPC,GOES,GOES,ivo://helio-informatics.org/FL_SECstandard_20110907_162746_20110621012200,https://www.lmsal.com/hek/her?cmd=view-voevent&ivorn=ivo%3A%2F%2Fhelio-informatics.org%2FFL_SECstandard_20110907_162746_20110621012200
FL,UTC-HGS-TOPO,-535.9032,255.5952,-3.175284,20,2011-07-27T15:48:00,2011-07-27T16:22:00,SWPC,GOES,GOES,ivo://helio-informatics.org/FL_SECstandard_20110907_162919_20110727154800,https://www.lmsal.com/hek/her?cmd=view-voevent&ivorn=ivo%3A%2F%2Fhelio-informatics.org%2FFL_SECstandard_20110907_162919_20110727154800
FL,UTC-HGS-TOPO,0,-90.0402,28.028327,0,2011-07-28T02:19:00,2011-07-28T02:29:00,SWPC,GOES,GOES,ivo://helio-informatics.org/FL_SECstandard_20110907_162923_20110728021900,https://www.lmsal.com/hek/her?cmd=view-voevent&ivorn=ivo%3A%2F%2Fhelio-informatics.org%2FFL_SECstandard_20110907_162923_20110728021900
